<?xml version="1.0" encoding="utf-8"?>  
<note> 
	<email>
	  <to>Jadav</to>  
	  <from>Ketan</from>  
	  <heading>Reminder</heading>  
	  <body>Don't forget me this weekend!</body>  
	</email>
	<email>
	  <to>Nirav</to>  
	  <from>Ketan</from>  
	  <heading>Reminder</heading>  
	  <body>Don't forget me this weekend!</body>  
	</email>
	<email>
	  <to>JB</to>  
	  <from>Ketan</from>  
	  <heading>Reminder</heading>  
	  <body>Don't forget me this weekend!</body>  
	</email>
	<email>
	  <to>Dhrumil</to>  
	  <from>Ketan</from>  
	  <heading>Reminder</heading>  
	  <body>Don't forget me this weekend!</body>  
	</email>
</note>